org_id,company_name,contact_email
ORG-1000,Northwind Logistics LLC,contact@northwindlog.com
ORG-1001,Blue Harbor Foods Inc,contact@blueharborfo.com
ORG-1002,Summit Ridge Construction Corp,contact@summitridgec.com
ORG-1003,Cascade Analytics Ltd,contact@cascadeanaly.com
ORG-1004,Ironwood Manufacturing,contact@ironwoodmanu.com
ORG-1005,Silver Fox Media,contact@silverfoxmed.com
ORG-1006,Green Valley Farms Co,contact@greenvalleyf.com
ORG-1007,Redstone Capital,contact@redstonecapi.com
ORG-1008,Lakeside Dental Group LLC,contact@lakesidedent.com
ORG-1009,Brightline Software Co,contact@brightlineso.com
ORG-1010,Amber Grove Winery,contact@ambergrovewi.com
ORG-1011,Union Square Consulting Co,contact@unionsquarec.com
ORG-1012,Falcon Point Security Inc,contact@falconpoints.com
ORG-1013,Maple & Co Furniture,contact@mapleandcofu.com
ORG-1014,Coral Bay Insurance,contact@coralbayinsu.com
ORG-1015,Prairie Wind Energy Corp,contact@prairiewinde.com
ORG-1016,Granite Peak Legal Corp,contact@granitepeakl.com
ORG-1017,Willow Creek Bakery,contact@willowcreekb.com
ORG-1018,Vantage Freight Solutions Inc,contact@vantagefreig.com
ORG-1019,Copper Kettle Brewing,contact@copperkettle.com
ORG-1020,Harborview Realty Co,contact@harborviewre.com
ORG-1021,Nimbus Cloud Systems Corp,contact@nimbusclouds.com
ORG-1022,Fieldstone Architects,contact@fieldstonear.com
ORG-1023,Cobalt Health Partners Co,contact@cobalthealth.com
ORG-1024,Riverside Auto Group,contact@riversideaut.com
ORG-1025,Sterling Oak Advisors Inc,contact@sterlingoaka.com
ORG-1026,Bright Horizon Travel Ltd,contact@brighthorizo.com
ORG-1027,Meridian Steel Works Ltd,contact@meridianstee.com
ORG-1028,Clearwater Marine Supply Co,contact@clearwaterma.com
ORG-1029,Timberline Outfitters,contact@timberlineou.com
ORG-1030,Ironwood Manufacturing West,contact@ironwoodwest.com
