company_name,contact_domain
Willow Creek Bakery,willowcreekb.com
Granite Peak Legal Corp Corp,granitepeakl.com
Cascade Analytics Ltd Corp,cascadeanaly.com
Nortwhind Logistics LLC,northwindlog.com
Harbovriew Realty Co,harborviewre.com
Blue Harbor Foods Inc,blueharborfo.com
bright horizon travel ltd,brighthorizo.com
Nimbus Cloud Systems Corp,nimbusclouds.com
Ironwood Manufacturing LLC,ironwoodmanu.com
Maple & Furniture,mapleandcofu.com
Redstone Capital LLC,redstonecapi.com
Vantage Freight Solutions,vantagefreig.com
Timberline Outfitters,timberlineou.com
Sable Point Robotics,sablepointro.com
Copper Kettle Brewing,copperkettle.com
Coral Bay Insurance Inc,coralbayinsu.com
Brightline Software,brightlineso.com
Prairie Wind Energy,prairiewinde.com
falcon point security inc,falconpoints.com
Silver Fox Media Corp,silverfoxmed.com
Ironwood Manufacturing,ironwood.com
Riverside Auto Group,riversideaut.com
Clearwater Marine Supply Co,clearwaterma.com
Cobalt Health Partnesr Co,cobalthealth.com
Lakeside Dental Group LLC,lakesidedent.com
Quantum Ledger Fintech,quantumledge.com
Fieldstone Architects,fieldstonear.com
Pinehollow Dairy Cooperative,pinehollowda.com
green valley farms co,greenvalleyf.com
amber grove winery,ambergrovewi.com
