signup_name,signup_email
Richard Thompson,richard.thompson38@hotmail.com
linda perez,signup+9834@yahoo.com
Matthew Martinez,matthew.martinez79@hotmail.com
John Wilson,john.wilson24@outlook.com
Barbara Lee,barbara.lee66@icloud.com
Karen Clark,karen.clark93@hotmail.com
Robert Clark,robert.clark97@yahoo.com
Elizabeth Perez,elizabeth.perez53@outlook.com
John Thompson,john.thompson28@gmail.com
Richard Smith,richard.smith50@outlook.com
Margaret Gonzalez,margaret.gonzalez8@yahoo.com
John Ramirez,john.ramirez60@yahoo.com
Patrciia Robinson,signup+2104@gmail.com
James Taylor,james.taylor69@yahoo.com
Anthony Harris,anthony.harris67@icloud.com
Robert Jackson,signup+8397@gmail.com
Sarah Jones,sarah.jones56@yahoo.com
Margaret Williams,margaret.williams99@outlook.com
Nancy Thompson,nancy.thompson63@yahoo.com
Nancy Martinez,nancy.martinez29@yahoo.com
David Harris,david.harris32@outlook.com
Sarah Martin,sarah.martin41@icloud.com
David Williams,signup+4258@yahoo.com
Nancy Williams,nancy.williams37@hotmail.com
Robert Gonzalez,signup+1188@gmail.com
Elizabeth Gonzalez,elizabeth.gonzalez71@gmail.com
Robert Thompson,robert.thompson37@yahoo.com
Betty Ramirez,betty.ramirez14@yahoo.com
Charles Perez,charles.perez4@gmail.com
Susan Martin,susan.martin96@yahoo.com
Betty Sanchez,betty.sanchez23@icloud.com
Susan Thomas,susan.thomas62@yahoo.com
Anthony Wilson,anthony.wilson29@yahoo.com
Elizabeth Clark,elizabeth.clark30@yahoo.com
Daniel Ramirez,daniel.ramirez34@hotmail.com
Matthew Gonzalez,matthew.gonzalez64@icloud.com
Kaern Lee,signup+2290@gmail.com
Nancy Clark,nancy.clark69@outlook.com
David Garcia,david.garcia90@gmail.com
Elizabeth Harris,elizabeth.harris50@icloud.com
Betty Jackson,betty.jackson78@outlook.com
Linda  Jones,signup+2160@hotmail.com
Richard Thomas,richard.thomas1@outlook.com
Joseph Davis,joseph.davis10@icloud.com
Charles Taylor,charles.taylor41@outlook.com
William Moore,william.moore60@icloud.com
Sandra Jackso,signup+7669@yahoo.com
Patricia Williams,patricia.williams69@yahoo.com
Nancy Brown,nancy.brown46@hotmail.com
Jessica Davis,jessica.davis35@icloud.com
Lisa Lewis,lisa.lewis39@hotmail.com
Daniel Davis,daniel.davis36@icloud.com
Margaret Moore,margaret.moore13@gmail.com
Joseph Jones,joseph.jones60@hotmail.com
Robert Perez,robert.perez31@icloud.com
Jessica Smith,jessica.smith50@outlook.com
Mihcael Lee,signup+8062@outlook.com
Betty Thompson,betty.thompson67@icloud.com
Charles Thomas,charles.thomas65@hotmail.com
Lisa Ramirez,lisa.ramirez61@icloud.com
Sandra Perez,sandra.perez14@yahoo.com
Susan Clark,susan.clark71@icloud.com
Thomas Thomas,thomas.thomas95@yahoo.com
Michael Miller,michael.miller69@icloud.com
david jones,signup+1117@gmail.com
Elizabeth Martin,elizabeth.martin27@outlook.com
Mary Moore,mary.moore32@gmail.com
Richard Jones,richard.jones86@outlook.com
Michael Martinez,michael.martinez28@gmail.com
Robert Wilson,robert.wilson85@hotmail.com
David Johnson,david.johnson14@hotmail.com
Thomas Rodriguez,thomas.rodriguez17@outlook.com
Patricia Lewis,patricia.lewis73@yahoo.com
David Robinson,signup+5371@outlook.com
Sandra Sanchez,sandra.sanchez59@outlook.com
Paul Harris,paul.harris75@gmail.com
Charles Miller,signup+1009@hotmail.com
Joseph Anderson,joseph.anderson57@yahoo.com
Nancy Perez,nancy.perez52@yahoo.com
David Brown,david.brown14@hotmail.com
Susan Thompson,susan.thompson94@hotmail.com
Richard Rodrigeuz,signup+5889@hotmail.com
Jessica Martin,jessica.martin99@gmail.com
Lisa Rodriguez,signup+7932@yahoo.com
James Brown,james.brown10@yahoo.com
Daniel Moore,daniel.moore2@gmail.com
Barbara Wilson,barbara.wilson9@outlook.com
Nancy Lee,nancy.lee83@gmail.com
Paul Lopez,paul.lopez27@yahoo.com
Richard Ramirez,richard.ramirez5@icloud.com
Sarah Thompson,sarah.thompson55@hotmail.com
Anthony  Hernandez,signup+9005@gmail.com
matthew wilson,signup+5562@icloud.com
John Miller,john.miller54@icloud.com
Jennifer Johnson,jennifer.johnson66@gmail.com
Lisa Hernandez,lisa.hernandez8@gmail.com
Lisa Moore,lisa.moore78@yahoo.com
James Hernandez,james.hernandez99@yahoo.com
Karen Hernandez,karen.hernandez85@gmail.com
Barbara Ramire,signup+1053@outlook.com
Daniel Rodriguez,daniel.rodriguez21@icloud.com
Robert Jones,robert.jones20@yahoo.com
Sandra Harris,sandra.harris31@yahoo.com
Mary Miller,mary.miller54@icloud.com
Michael Rodriguez,michael.rodriguez6@icloud.com
Joseph Wilson,joseph.wilson81@hotmail.com
Michael Gonzalez,michael.gonzalez43@outlook.com
Paul Rodriguez,paul.rodriguez23@hotmail.com
Elizabeth Martinez,elizabeth.martinez27@icloud.com
Sarah Johnson,sarah.johnson48@hotmail.com
Mark Lee,signup+4770@hotmail.com
Charles White,charles.white70@gmail.com
Thomas Brown,thomas.brown50@hotmail.com
Mary Gonzalez,mary.gonzalez94@outlook.com
David Hernandez,david.hernandez41@hotmail.com
Joseph Hernandez,joseph.hernandez97@gmail.com
Richard Lewis,signup+8744@yahoo.com
Daniel Wilson,daniel.wilson36@gmail.com
Mary Perez,signup+3705@outlook.com
James Garcia,james.garcia95@outlook.com
James Anderson,james.anderson80@hotmail.com
Betty Hernandez,signup+4295@outlook.com
Susan Wilson,susan.wilson60@gmail.com
robert moore,signup+4681@gmail.com
Mary Martinez,mary.martinez47@gmail.com
Jenniefr Anderson,signup+8123@yahoo.com
Margaret Lewis,margaret.lewis98@hotmail.com
Margaret Garcia,margaret.garcia9@hotmail.com
Paul Williams,paul.williams32@outlook.com
Anthony  Martinez,signup+3646@hotmail.com
Michae lThompson,signup+6038@yahoo.com
Nancy Whit,signup+7118@icloud.com
Matthew Hernandez,matthew.hernandez31@outlook.com
Linda Miller,linda.miller59@outlook.com
mary smith,signup+3103@icloud.com
Mark Harris,signup+3927@hotmail.com
Daniel Thompson,daniel.thompson1@gmail.com
Sarah  White,signup+1344@hotmail.com
Elizabeth Garcia,elizabeth.garcia57@hotmail.com
Paul Garcia,paul.garcia79@hotmail.com
Jessica Rodriguez,jessica.rodriguez7@gmail.com
Sarah Smith,sarah.smith51@hotmail.com
Betty Robinson,betty.robinson53@yahoo.com
Mark Anderson,mark.anderson17@hotmail.com
John Smith,john.smith6@yahoo.com
Charles Martin,charles.martin6@hotmail.com
Sandra Robinson,sandra.robinson31@yahoo.com
Susan Lopez,susan.lopez94@outlook.com
James Perez,james.perez71@outlook.com
Matthew Robinso,signup+2133@hotmail.com
